latitude,longitude,elevation,timezone,country,state,county,gid_full,gid,config
41.32,-71.85,11,-5,United States,Rhode Island,Washington,5408529,2771934,default
41.4,-71.83,33,-5,United States,Rhode Island,Washington,5412313,2772271,default
41.38,-71.83,22,-5,United States,Rhode Island,Washington,5412314,2772272,default
41.36,-71.83,24,-5,United States,Rhode Island,Washington,5412315,2772273,default
41.32,-71.83,12,-5,United States,Rhode Island,Washington,5412317,2772274,default
41.4,-71.81,48,-5,United States,Rhode Island,Washington,5416145,2772633,default
41.38,-71.81,37,-5,United States,Rhode Island,Washington,5416146,2772634,default
41.36,-71.81,30,-5,United States,Rhode Island,Washington,5416147,2772635,default
41.34,-71.81,23,-5,United States,Rhode Island,Washington,5416148,2772636,default
42.0,-71.79,216,-5,United States,Rhode Island,Providence,5419947,2772965,default
41.98,-71.79,190,-5,United States,Rhode Island,Providence,5419948,2772966,default
41.96,-71.79,197,-5,United States,Rhode Island,Providence,5419949,2772967,default
41.94,-71.79,191,-5,United States,Rhode Island,Providence,5419950,2772968,default
41.92,-71.79,180,-5,United States,Rhode Island,Providence,5419951,2772969,default
41.9,-71.79,181,-5,United States,Rhode Island,Providence,5419952,2772970,default
41.88,-71.79,206,-5,United States,Rhode Island,Providence,5419953,2772971,default
41.86,-71.79,203,-5,United States,Rhode Island,Providence,5419954,2772972,default
41.84,-71.79,221,-5,United States,Rhode Island,Providence,5419955,2772973,default
41.82,-71.79,203,-5,United States,Rhode Island,Providence,5419956,2772974,default
41.8,-71.79,190,-5,United States,Rhode Island,Providence,5419957,2772975,default
41.78,-71.79,177,-5,United States,Rhode Island,Providence,5419958,2772976,default
41.76,-71.79,166,-5,United States,Rhode Island,Providence,5419959,2772977,default
41.74,-71.79,158,-5,United States,Rhode Island,Providence,5419960,2772978,default
41.72,-71.79,162,-5,United States,Rhode Island,Kent,5419961,2772979,default
41.56,-71.79,140,-5,United States,Rhode Island,Washington,5419969,2772987,default
41.54,-71.79,132,-5,United States,Rhode Island,Washington,5419970,2772988,default
41.52,-71.79,117,-5,United States,Rhode Island,Washington,5419971,2772989,default
41.5,-71.79,117,-5,United States,Rhode Island,Washington,5419972,2772990,default
41.48,-71.79,97,-5,United States,Rhode Island,Washington,5419973,2772991,default
41.46,-71.79,61,-5,United States,Rhode Island,Washington,5419974,2772992,default
41.44,-71.79,38,-5,United States,Rhode Island,Washington,5419975,2772993,default
41.42,-71.79,26,-5,United States,Rhode Island,Washington,5419976,2772994,default
41.4,-71.79,30,-5,United States,Rhode Island,Washington,5419977,2772995,default
41.38,-71.79,21,-5,United States,Rhode Island,Washington,5419978,2772996,default
41.36,-71.79,20,-5,United States,Rhode Island,Washington,5419979,2772997,default
41.34,-71.79,18,-5,United States,Rhode Island,Washington,5419980,2772998,default
42.0,-71.77,197,-5,United States,Rhode Island,Providence,5423825,2773327,default
41.98,-71.77,201,-5,United States,Rhode Island,Providence,5423826,2773328,default
41.96,-71.77,207,-5,United States,Rhode Island,Providence,5423827,2773329,default
41.94,-71.77,201,-5,United States,Rhode Island,Providence,5423828,2773330,default
41.92,-71.77,189,-5,United States,Rhode Island,Providence,5423829,2773331,default
41.9,-71.77,206,-5,United States,Rhode Island,Providence,5423830,2773332,default
41.88,-71.77,225,-5,United States,Rhode Island,Providence,5423831,2773333,default
41.86,-71.77,226,-5,United States,Rhode Island,Providence,5423832,2773334,default
41.84,-71.77,222,-5,United States,Rhode Island,Providence,5423833,2773335,default
41.82,-71.77,215,-5,United States,Rhode Island,Providence,5423834,2773336,default
41.8,-71.77,205,-5,United States,Rhode Island,Providence,5423835,2773337,default
41.78,-71.77,189,-5,United States,Rhode Island,Providence,5423836,2773338,default
41.76,-71.77,178,-5,United States,Rhode Island,Providence,5423837,2773339,default
41.74,-71.77,171,-5,United States,Rhode Island,Providence,5423838,2773340,default
41.72,-71.77,149,-5,United States,Rhode Island,Kent,5423839,2773341,default
41.7,-71.77,127,-5,United States,Rhode Island,Kent,5423840,2773342,default
41.68,-71.77,119,-5,United States,Rhode Island,Kent,5423841,2773343,default
41.66,-71.77,130,-5,United States,Rhode Island,Kent,5423842,2773344,default
41.64,-71.77,119,-5,United States,Rhode Island,Kent,5423843,2773345,default
41.62,-71.77,122,-5,United States,Rhode Island,Kent,5423844,2773346,default
41.6,-71.77,149,-5,United States,Rhode Island,Kent,5423845,2773347,default
41.58,-71.77,131,-5,United States,Rhode Island,Washington,5423846,2773348,default
41.56,-71.77,117,-5,United States,Rhode Island,Washington,5423847,2773349,default
41.54,-71.77,117,-5,United States,Rhode Island,Washington,5423848,2773350,default
41.52,-71.77,112,-5,United States,Rhode Island,Washington,5423849,2773351,default
41.5,-71.77,98,-5,United States,Rhode Island,Washington,5423850,2773352,default
41.48,-71.77,103,-5,United States,Rhode Island,Washington,5423851,2773353,default
41.46,-71.77,61,-5,United States,Rhode Island,Washington,5423852,2773354,default
41.44,-71.77,51,-5,United States,Rhode Island,Washington,5423853,2773355,default
41.42,-71.77,37,-5,United States,Rhode Island,Washington,5423854,2773356,default
41.4,-71.77,34,-5,United States,Rhode Island,Washington,5423855,2773357,default
41.38,-71.77,22,-5,United States,Rhode Island,Washington,5423856,2773358,default
41.36,-71.77,22,-5,United States,Rhode Island,Washington,5423857,2773359,default
41.34,-71.77,15,-5,United States,Rhode Island,Washington,5423858,2773360,default
42.0,-71.75,190,-5,United States,Rhode Island,Providence,5427703,2773689,default
41.98,-71.75,168,-5,United States,Rhode Island,Providence,5427704,2773690,default
41.96,-71.75,184,-5,United States,Rhode Island,Providence,5427705,2773691,default
41.94,-71.75,204,-5,United States,Rhode Island,Providence,5427706,2773692,default
41.92,-71.75,196,-5,United States,Rhode Island,Providence,5427707,2773693,default
41.9,-71.75,212,-5,United States,Rhode Island,Providence,5427708,2773694,default
41.88,-71.75,217,-5,United States,Rhode Island,Providence,5427709,2773695,default
41.86,-71.75,208,-5,United States,Rhode Island,Providence,5427710,2773696,default
41.84,-71.75,183,-5,United States,Rhode Island,Providence,5427711,2773697,default
41.82,-71.75,187,-5,United States,Rhode Island,Providence,5427712,2773698,default
41.8,-71.75,191,-5,United States,Rhode Island,Providence,5427713,2773699,default
41.78,-71.75,189,-5,United States,Rhode Island,Providence,5427714,2773700,default
41.76,-71.75,166,-5,United States,Rhode Island,Providence,5427715,2773701,default
41.74,-71.75,146,-5,United States,Rhode Island,Providence,5427716,2773702,default
41.72,-71.75,153,-5,United States,Rhode Island,Kent,5427717,2773703,default
41.7,-71.75,146,-5,United States,Rhode Island,Kent,5427718,2773704,default
41.68,-71.75,142,-5,United States,Rhode Island,Kent,5427719,2773705,default
41.66,-71.75,143,-5,United States,Rhode Island,Kent,5427720,2773706,default
41.64,-71.75,144,-5,United States,Rhode Island,Kent,5427721,2773707,default
41.62,-71.75,125,-5,United States,Rhode Island,Kent,5427722,2773708,default
41.6,-71.75,102,-5,United States,Rhode Island,Kent,5427723,2773709,default
41.58,-71.75,100,-5,United States,Rhode Island,Washington,5427724,2773710,default
41.56,-71.75,107,-5,United States,Rhode Island,Washington,5427725,2773711,default
41.54,-71.75,91,-5,United States,Rhode Island,Washington,5427726,2773712,default
41.52,-71.75,88,-5,United States,Rhode Island,Washington,5427727,2773713,default
41.5,-71.75,72,-5,United States,Rhode Island,Washington,5427728,2773714,default
41.48,-71.75,63,-5,United States,Rhode Island,Washington,5427729,2773715,default
41.46,-71.75,72,-5,United States,Rhode Island,Washington,5427730,2773716,default
41.44,-71.75,64,-5,United States,Rhode Island,Washington,5427731,2773717,default
41.42,-71.75,38,-5,United States,Rhode Island,Washington,5427732,2773718,default
41.4,-71.75,28,-5,United States,Rhode Island,Washington,5427733,2773719,default
41.38,-71.75,51,-5,United States,Rhode Island,Washington,5427734,2773720,default
41.36,-71.75,38,-5,United States,Rhode Island,Washington,5427735,2773721,default
41.34,-71.75,21,-5,United States,Rhode Island,Washington,5427736,2773722,default
42.0,-71.73,196,-5,United States,Rhode Island,Providence,5431617,2774059,default
41.98,-71.73,169,-5,United States,Rhode Island,Providence,5431618,2774060,default
41.96,-71.73,166,-5,United States,Rhode Island,Providence,5431619,2774061,default
41.94,-71.73,188,-5,United States,Rhode Island,Providence,5431620,2774062,default
41.92,-71.73,179,-5,United States,Rhode Island,Providence,5431621,2774063,default
41.9,-71.73,207,-5,United States,Rhode Island,Providence,5431622,2774064,default
41.88,-71.73,211,-5,United States,Rhode Island,Providence,5431623,2774065,default
41.86,-71.73,187,-5,United States,Rhode Island,Providence,5431624,2774066,default
41.84,-71.73,157,-5,United States,Rhode Island,Providence,5431625,2774067,default
41.82,-71.73,158,-5,United States,Rhode Island,Providence,5431626,2774068,default
41.8,-71.73,161,-5,United States,Rhode Island,Providence,5431627,2774069,default
41.78,-71.73,174,-5,United States,Rhode Island,Providence,5431628,2774070,default
41.76,-71.73,177,-5,United States,Rhode Island,Providence,5431629,2774071,default
41.74,-71.73,168,-5,United States,Rhode Island,Providence,5431630,2774072,default
41.72,-71.73,167,-5,United States,Rhode Island,Kent,5431631,2774073,default
41.7,-71.73,162,-5,United States,Rhode Island,Kent,5431632,2774074,default
41.68,-71.73,152,-5,United States,Rhode Island,Kent,5431633,2774075,default
41.66,-71.73,147,-5,United States,Rhode Island,Kent,5431634,2774076,default
41.64,-71.73,138,-5,United States,Rhode Island,Kent,5431635,2774077,default
41.62,-71.73,105,-5,United States,Rhode Island,Kent,5431636,2774078,default
41.6,-71.73,73,-5,United States,Rhode Island,Kent,5431637,2774079,default
41.58,-71.73,79,-5,United States,Rhode Island,Washington,5431638,2774080,default
41.56,-71.73,71,-5,United States,Rhode Island,Washington,5431639,2774081,default
41.54,-71.73,90,-5,United States,Rhode Island,Washington,5431640,2774082,default
41.52,-71.73,66,-5,United States,Rhode Island,Washington,5431641,2774083,default
41.5,-71.73,84,-5,United States,Rhode Island,Washington,5431642,2774084,default
41.48,-71.73,47,-5,United States,Rhode Island,Washington,5431643,2774085,default
41.46,-71.73,58,-5,United States,Rhode Island,Washington,5431644,2774086,default
41.44,-71.73,47,-5,United States,Rhode Island,Washington,5431645,2774087,default
41.42,-71.73,40,-5,United States,Rhode Island,Washington,5431646,2774088,default
41.4,-71.73,28,-5,United States,Rhode Island,Washington,5431647,2774089,default
41.38,-71.73,48,-5,United States,Rhode Island,Washington,5431648,2774090,default
41.36,-71.73,44,-5,United States,Rhode Island,Washington,5431649,2774091,default
41.34,-71.73,12,-5,United States,Rhode Island,Washington,5431650,2774092,default
42.0,-71.71,159,-5,United States,Rhode Island,Providence,5435531,2774429,default
41.98,-71.71,154,-5,United States,Rhode Island,Providence,5435532,2774430,default
41.96,-71.71,138,-5,United States,Rhode Island,Providence,5435533,2774431,default
41.94,-71.71,148,-5,United States,Rhode Island,Providence,5435534,2774432,default
41.92,-71.71,161,-5,United States,Rhode Island,Providence,5435535,2774433,default
41.9,-71.71,173,-5,United States,Rhode Island,Providence,5435536,2774434,default
41.88,-71.71,180,-5,United States,Rhode Island,Providence,5435537,2774435,default
41.86,-71.71,173,-5,United States,Rhode Island,Providence,5435538,2774436,default
41.84,-71.71,156,-5,United States,Rhode Island,Providence,5435539,2774437,default
41.82,-71.71,134,-5,United States,Rhode Island,Providence,5435540,2774438,default
41.8,-71.71,153,-5,United States,Rhode Island,Providence,5435541,2774439,default
41.78,-71.71,177,-5,United States,Rhode Island,Providence,5435542,2774440,default
41.76,-71.71,199,-5,United States,Rhode Island,Providence,5435543,2774441,default
41.74,-71.71,193,-5,United States,Rhode Island,Providence,5435544,2774442,default
41.72,-71.71,178,-5,United States,Rhode Island,Kent,5435545,2774443,default
41.7,-71.71,168,-5,United States,Rhode Island,Kent,5435546,2774444,default
41.68,-71.71,162,-5,United States,Rhode Island,Kent,5435547,2774445,default
41.66,-71.71,165,-5,United States,Rhode Island,Kent,5435548,2774446,default
41.64,-71.71,154,-5,United States,Rhode Island,Kent,5435549,2774447,default
41.62,-71.71,112,-5,United States,Rhode Island,Kent,5435550,2774448,default
41.6,-71.71,93,-5,United States,Rhode Island,Kent,5435551,2774449,default
41.58,-71.71,77,-5,United States,Rhode Island,Washington,5435552,2774450,default
41.56,-71.71,70,-5,United States,Rhode Island,Washington,5435553,2774451,default
41.54,-71.71,56,-5,United States,Rhode Island,Washington,5435554,2774452,default
41.52,-71.71,46,-5,United States,Rhode Island,Washington,5435555,2774453,default
41.5,-71.71,41,-5,United States,Rhode Island,Washington,5435556,2774454,default
41.48,-71.71,38,-5,United States,Rhode Island,Washington,5435557,2774455,default
41.46,-71.71,32,-5,United States,Rhode Island,Washington,5435558,2774456,default
41.44,-71.71,30,-5,United States,Rhode Island,Washington,5435559,2774457,default
41.42,-71.71,49,-5,United States,Rhode Island,Washington,5435560,2774458,default
41.4,-71.71,37,-5,United States,Rhode Island,Washington,5435561,2774459,default
41.38,-71.71,29,-5,United States,Rhode Island,Washington,5435562,2774460,default
41.36,-71.71,27,-5,United States,Rhode Island,Washington,5435563,2774461,default
41.34,-71.71,5,-5,United States,Rhode Island,Washington,5435564,2774462,default
42.0,-71.69,134,-5,United States,Rhode Island,Providence,5439463,2774801,default
41.98,-71.69,125,-5,United States,Rhode Island,Providence,5439464,2774802,default
41.96,-71.69,135,-5,United States,Rhode Island,Providence,5439465,2774803,default
41.94,-71.69,153,-5,United States,Rhode Island,Providence,5439466,2774804,default
41.92,-71.69,162,-5,United States,Rhode Island,Providence,5439467,2774805,default
41.9,-71.69,153,-5,United States,Rhode Island,Providence,5439468,2774806,default
41.88,-71.69,152,-5,United States,Rhode Island,Providence,5439469,2774807,default
41.86,-71.69,174,-5,United States,Rhode Island,Providence,5439470,2774808,default
41.84,-71.69,163,-5,United States,Rhode Island,Providence,5439471,2774809,default
41.82,-71.69,159,-5,United States,Rhode Island,Providence,5439472,2774810,default
41.8,-71.69,133,-5,United States,Rhode Island,Providence,5439473,2774811,default
41.78,-71.69,150,-5,United States,Rhode Island,Providence,5439474,2774812,default
41.76,-71.69,165,-5,United States,Rhode Island,Providence,5439475,2774813,default
41.74,-71.69,168,-5,United States,Rhode Island,Providence,5439476,2774814,default
41.72,-71.69,130,-5,United States,Rhode Island,Kent,5439477,2774815,default
41.7,-71.69,144,-5,United States,Rhode Island,Kent,5439478,2774816,default
41.68,-71.69,171,-5,United States,Rhode Island,Kent,5439479,2774817,default
41.66,-71.69,179,-5,United States,Rhode Island,Kent,5439480,2774818,default
41.64,-71.69,166,-5,United States,Rhode Island,Kent,5439481,2774819,default
41.62,-71.69,136,-5,United States,Rhode Island,Kent,5439482,2774820,default
41.6,-71.69,132,-5,United States,Rhode Island,Kent,5439483,2774821,default
41.58,-71.69,122,-5,United States,Rhode Island,Washington,5439484,2774822,default
41.56,-71.69,90,-5,United States,Rhode Island,Washington,5439485,2774823,default
41.54,-71.69,60,-5,United States,Rhode Island,Washington,5439486,2774824,default
41.52,-71.69,45,-5,United States,Rhode Island,Washington,5439487,2774825,default
41.5,-71.69,59,-5,United States,Rhode Island,Washington,5439488,2774826,default
41.48,-71.69,56,-5,United States,Rhode Island,Washington,5439489,2774827,default
41.46,-71.69,40,-5,United States,Rhode Island,Washington,5439490,2774828,default
41.44,-71.69,27,-5,United States,Rhode Island,Washington,5439491,2774829,default
41.42,-71.69,39,-5,United States,Rhode Island,Washington,5439492,2774830,default
41.4,-71.69,46,-5,United States,Rhode Island,Washington,5439493,2774831,default
41.38,-71.69,23,-5,United States,Rhode Island,Washington,5439494,2774832,default
41.36,-71.69,16,-5,United States,Rhode Island,Washington,5439495,2774833,default
42.0,-71.67,157,-5,United States,Rhode Island,Providence,5443395,2775172,default
41.98,-71.67,136,-5,United States,Rhode Island,Providence,5443396,2775173,default
41.96,-71.67,126,-5,United States,Rhode Island,Providence,5443397,2775174,default
41.94,-71.67,146,-5,United States,Rhode Island,Providence,5443398,2775175,default
41.92,-71.67,135,-5,United States,Rhode Island,Providence,5443399,2775176,default
41.9,-71.67,155,-5,United States,Rhode Island,Providence,5443400,2775177,default
41.88,-71.67,173,-5,United States,Rhode Island,Providence,5443401,2775178,default
41.86,-71.67,196,-5,United States,Rhode Island,Providence,5443402,2775179,default
41.84,-71.67,212,-5,United States,Rhode Island,Providence,5443403,2775180,default
41.82,-71.67,194,-5,United States,Rhode Island,Providence,5443404,2775181,default
41.8,-71.67,135,-5,United States,Rhode Island,Providence,5443405,2775182,default
41.78,-71.67,138,-5,United States,Rhode Island,Providence,5443406,2775183,default
41.76,-71.67,163,-5,United States,Rhode Island,Providence,5443407,2775184,default
41.74,-71.67,140,-5,United States,Rhode Island,Providence,5443408,2775185,default
41.72,-71.67,87,-5,United States,Rhode Island,Kent,5443409,2775186,default
41.7,-71.67,111,-5,United States,Rhode Island,Kent,5443410,2775187,default
41.68,-71.67,158,-5,United States,Rhode Island,Kent,5443411,2775188,default
41.66,-71.67,165,-5,United States,Rhode Island,Kent,5443412,2775189,default
41.64,-71.67,141,-5,United States,Rhode Island,Kent,5443413,2775190,default
41.62,-71.67,161,-5,United States,Rhode Island,Kent,5443414,2775191,default
41.6,-71.67,145,-5,United States,Rhode Island,Kent,5443415,2775192,default
41.58,-71.67,129,-5,United States,Rhode Island,Washington,5443416,2775193,default
41.56,-71.67,131,-5,United States,Rhode Island,Washington,5443417,2775194,default
41.54,-71.67,116,-5,United States,Rhode Island,Washington,5443418,2775195,default
41.52,-71.67,70,-5,United States,Rhode Island,Washington,5443419,2775196,default
41.5,-71.67,51,-5,United States,Rhode Island,Washington,5443420,2775197,default
41.48,-71.67,43,-5,United States,Rhode Island,Washington,5443421,2775198,default
41.46,-71.67,38,-5,United States,Rhode Island,Washington,5443422,2775199,default
41.44,-71.67,40,-5,United States,Rhode Island,Washington,5443423,2775200,default
41.42,-71.67,30,-5,United States,Rhode Island,Washington,5443424,2775201,default
41.4,-71.67,32,-5,United States,Rhode Island,Washington,5443425,2775202,default
41.38,-71.67,29,-5,United States,Rhode Island,Washington,5443426,2775203,default
41.36,-71.67,5,-5,United States,Rhode Island,Washington,5443427,2775204,default
42.0,-71.65,135,-5,United States,Rhode Island,Providence,5447335,2775543,default
41.98,-71.65,130,-5,United States,Rhode Island,Providence,5447336,2775544,default
41.96,-71.65,117,-5,United States,Rhode Island,Providence,5447337,2775545,default
41.94,-71.65,131,-5,United States,Rhode Island,Providence,5447338,2775546,default
41.92,-71.65,152,-5,United States,Rhode Island,Providence,5447339,2775547,default
41.9,-71.65,172,-5,United States,Rhode Island,Providence,5447340,2775548,default
41.88,-71.65,171,-5,United States,Rhode Island,Providence,5447341,2775549,default
41.86,-71.65,156,-5,United States,Rhode Island,Providence,5447342,2775550,default
41.84,-71.65,175,-5,United States,Rhode Island,Providence,5447343,2775551,default
41.82,-71.65,178,-5,United States,Rhode Island,Providence,5447344,2775552,default
41.8,-71.65,133,-5,United States,Rhode Island,Providence,5447345,2775553,default
41.78,-71.65,117,-5,United States,Rhode Island,Providence,5447346,2775554,default
41.76,-71.65,125,-5,United States,Rhode Island,Providence,5447347,2775555,default
41.74,-71.65,106,-5,United States,Rhode Island,Providence,5447348,2775556,default
41.72,-71.65,71,-5,United States,Rhode Island,Kent,5447349,2775557,default
41.7,-71.65,86,-5,United States,Rhode Island,Kent,5447350,2775558,default
41.68,-71.65,105,-5,United States,Rhode Island,Kent,5447351,2775559,default
41.66,-71.65,143,-5,United States,Rhode Island,Kent,5447352,2775560,default
41.64,-71.65,135,-5,United States,Rhode Island,Kent,5447353,2775561,default
41.62,-71.65,133,-5,United States,Rhode Island,Kent,5447354,2775562,default
41.6,-71.65,157,-5,United States,Rhode Island,Kent,5447355,2775563,default
41.58,-71.65,154,-5,United States,Rhode Island,Washington,5447356,2775564,default
41.56,-71.65,121,-5,United States,Rhode Island,Washington,5447357,2775565,default
41.54,-71.65,114,-5,United States,Rhode Island,Washington,5447358,2775566,default
41.52,-71.65,81,-5,United States,Rhode Island,Washington,5447359,2775567,default
41.5,-71.65,63,-5,United States,Rhode Island,Washington,5447360,2775568,default
41.48,-71.65,61,-5,United States,Rhode Island,Washington,5447361,2775569,default
41.46,-71.65,48,-5,United States,Rhode Island,Washington,5447362,2775570,default
41.44,-71.65,49,-5,United States,Rhode Island,Washington,5447363,2775571,default
41.42,-71.65,49,-5,United States,Rhode Island,Washington,5447364,2775572,default
41.4,-71.65,41,-5,United States,Rhode Island,Washington,5447365,2775573,default
41.38,-71.65,15,-5,United States,Rhode Island,Washington,5447366,2775574,default
41.36,-71.65,3,-5,United States,Rhode Island,Washington,5447367,2775575,default
42.0,-71.63,120,-5,United States,Rhode Island,Providence,5451275,2775914,default
41.98,-71.63,111,-5,United States,Rhode Island,Providence,5451276,2775915,default
41.96,-71.63,127,-5,United States,Rhode Island,Providence,5451277,2775916,default
41.94,-71.63,145,-5,United States,Rhode Island,Providence,5451278,2775917,default
41.92,-71.63,156,-5,United States,Rhode Island,Providence,5451279,2775918,default
41.9,-71.63,160,-5,United States,Rhode Island,Providence,5451280,2775919,default
41.88,-71.63,139,-5,United States,Rhode Island,Providence,5451281,2775920,default
41.86,-71.63,127,-5,United States,Rhode Island,Providence,5451282,2775921,default
41.84,-71.63,142,-5,United States,Rhode Island,Providence,5451283,2775922,default
41.82,-71.63,156,-5,United States,Rhode Island,Providence,5451284,2775923,default
41.8,-71.63,146,-5,United States,Rhode Island,Providence,5451285,2775924,default
41.78,-71.63,101,-5,United States,Rhode Island,Providence,5451286,2775925,default
41.76,-71.63,106,-5,United States,Rhode Island,Providence,5451287,2775926,default
41.74,-71.63,103,-5,United States,Rhode Island,Providence,5451288,2775927,default
41.72,-71.63,72,-5,United States,Rhode Island,Kent,5451289,2775928,default
41.7,-71.63,74,-5,United States,Rhode Island,Kent,5451290,2775929,default
41.68,-71.63,83,-5,United States,Rhode Island,Kent,5451291,2775930,default
41.66,-71.63,85,-5,United States,Rhode Island,Kent,5451292,2775931,default
41.64,-71.63,126,-5,United States,Rhode Island,Kent,5451293,2775932,default
41.62,-71.63,119,-5,United States,Rhode Island,Kent,5451294,2775933,default
41.6,-71.63,127,-5,United States,Rhode Island,Washington,5451295,2775934,default
41.58,-71.63,146,-5,United States,Rhode Island,Washington,5451296,2775935,default
41.56,-71.63,144,-5,United States,Rhode Island,Washington,5451297,2775936,default
41.54,-71.63,108,-5,United States,Rhode Island,Washington,5451298,2775937,default
41.52,-71.63,93,-5,United States,Rhode Island,Washington,5451299,2775938,default
41.5,-71.63,66,-5,United States,Rhode Island,Washington,5451300,2775939,default
41.48,-71.63,52,-5,United States,Rhode Island,Washington,5451301,2775940,default
41.46,-71.63,54,-5,United States,Rhode Island,Washington,5451302,2775941,default
41.44,-71.63,39,-5,United States,Rhode Island,Washington,5451303,2775942,default
41.42,-71.63,39,-5,United States,Rhode Island,Washington,5451304,2775943,default
41.4,-71.63,43,-5,United States,Rhode Island,Washington,5451305,2775944,default
41.38,-71.63,12,-5,United States,Rhode Island,Washington,5451306,2775945,default
41.36,-71.63,3,-5,United States,Rhode Island,Washington,5451307,2775946,default
42.0,-71.61,104,-5,United States,Rhode Island,Providence,5455215,2776283,default
41.98,-71.61,97,-5,United States,Rhode Island,Providence,5455216,2776284,default
41.96,-71.61,120,-5,United States,Rhode Island,Providence,5455217,2776285,default
41.94,-71.61,134,-5,United States,Rhode Island,Providence,5455218,2776286,default
41.92,-71.61,159,-5,United States,Rhode Island,Providence,5455219,2776287,default
41.9,-71.61,167,-5,United States,Rhode Island,Providence,5455220,2776288,default
41.88,-71.61,141,-5,United States,Rhode Island,Providence,5455221,2776289,default
41.86,-71.61,121,-5,United States,Rhode Island,Providence,5455222,2776290,default
41.84,-71.61,108,-5,United States,Rhode Island,Providence,5455223,2776291,default
41.82,-71.61,124,-5,United States,Rhode Island,Providence,5455224,2776292,default
41.8,-71.61,116,-5,United States,Rhode Island,Providence,5455225,2776293,default
41.78,-71.61,77,-5,United States,Rhode Island,Providence,5455226,2776294,default
41.76,-71.61,99,-5,United States,Rhode Island,Providence,5455227,2776295,default
41.74,-71.61,92,-5,United States,Rhode Island,Providence,5455228,2776296,default
41.72,-71.61,96,-5,United States,Rhode Island,Kent,5455229,2776297,default
41.7,-71.61,60,-5,United States,Rhode Island,Kent,5455230,2776298,default
41.68,-71.61,59,-5,United States,Rhode Island,Kent,5455231,2776299,default
41.66,-71.61,66,-5,United States,Rhode Island,Kent,5455232,2776300,default
41.64,-71.61,76,-5,United States,Rhode Island,Kent,5455233,2776301,default
41.62,-71.61,110,-5,United States,Rhode Island,Kent,5455234,2776302,default
41.6,-71.61,126,-5,United States,Rhode Island,Washington,5455235,2776303,default
41.58,-71.61,132,-5,United States,Rhode Island,Washington,5455236,2776304,default
41.56,-71.61,115,-5,United States,Rhode Island,Washington,5455237,2776305,default
41.54,-71.61,111,-5,United States,Rhode Island,Washington,5455238,2776306,default
41.52,-71.61,77,-5,United States,Rhode Island,Washington,5455239,2776307,default
41.5,-71.61,59,-5,United States,Rhode Island,Washington,5455240,2776308,default
41.48,-71.61,40,-5,United States,Rhode Island,Washington,5455241,2776309,default
41.46,-71.61,39,-5,United States,Rhode Island,Washington,5455242,2776310,default
41.44,-71.61,56,-5,United States,Rhode Island,Washington,5455243,2776311,default
41.42,-71.61,48,-5,United States,Rhode Island,Washington,5455244,2776312,default
41.4,-71.61,42,-5,United States,Rhode Island,Washington,5455245,2776313,default
41.38,-71.61,11,-5,United States,Rhode Island,Washington,5455246,2776314,default
41.16,-71.61,1,-5,United States,Rhode Island,Washington,5455257,2776315,default
42.0,-71.59,89,-5,United States,Rhode Island,Providence,5459155,2776652,default
41.98,-71.59,93,-5,United States,Rhode Island,Providence,5459156,2776653,default
41.96,-71.59,110,-5,United States,Rhode Island,Providence,5459157,2776654,default
41.94,-71.59,139,-5,United States,Rhode Island,Providence,5459158,2776655,default
41.92,-71.59,148,-5,United States,Rhode Island,Providence,5459159,2776656,default
41.9,-71.59,138,-5,United States,Rhode Island,Providence,5459160,2776657,default
41.88,-71.59,119,-5,United States,Rhode Island,Providence,5459161,2776658,default
41.86,-71.59,118,-5,United States,Rhode Island,Providence,5459162,2776659,default
41.84,-71.59,105,-5,United States,Rhode Island,Providence,5459163,2776660,default
41.82,-71.59,101,-5,United States,Rhode Island,Providence,5459164,2776661,default
41.8,-71.59,89,-5,United States,Rhode Island,Providence,5459165,2776662,default
41.78,-71.59,94,-5,United States,Rhode Island,Providence,5459166,2776663,default
41.76,-71.59,66,-5,United States,Rhode Island,Providence,5459167,2776664,default
41.74,-71.59,74,-5,United States,Rhode Island,Providence,5459168,2776665,default
41.72,-71.59,96,-5,United States,Rhode Island,Kent,5459169,2776666,default
41.7,-71.59,61,-5,United States,Rhode Island,Kent,5459170,2776667,default
41.68,-71.59,58,-5,United States,Rhode Island,Kent,5459171,2776668,default
41.66,-71.59,60,-5,United States,Rhode Island,Kent,5459172,2776669,default
41.64,-71.59,67,-5,United States,Rhode Island,Kent,5459173,2776670,default
41.62,-71.59,88,-5,United States,Rhode Island,Kent,5459174,2776671,default
41.6,-71.59,108,-5,United States,Rhode Island,Washington,5459175,2776672,default
41.58,-71.59,115,-5,United States,Rhode Island,Washington,5459176,2776673,default
41.56,-71.59,102,-5,United States,Rhode Island,Washington,5459177,2776674,default
41.54,-71.59,75,-5,United States,Rhode Island,Washington,5459178,2776675,default
41.52,-71.59,56,-5,United States,Rhode Island,Washington,5459179,2776676,default
41.5,-71.59,54,-5,United States,Rhode Island,Washington,5459180,2776677,default
41.48,-71.59,50,-5,United States,Rhode Island,Washington,5459181,2776678,default
41.46,-71.59,40,-5,United States,Rhode Island,Washington,5459182,2776679,default
41.44,-71.59,38,-5,United States,Rhode Island,Washington,5459183,2776680,default
41.42,-71.59,46,-5,United States,Rhode Island,Washington,5459184,2776681,default
41.4,-71.59,44,-5,United States,Rhode Island,Washington,5459185,2776682,default
41.38,-71.59,14,-5,United States,Rhode Island,Washington,5459186,2776683,default
41.18,-71.59,1,-5,United States,Rhode Island,Washington,5459196,2776684,default
41.16,-71.59,1,-5,United States,Rhode Island,Washington,5459197,2776685,default
42.0,-71.57,89,-5,United States,Rhode Island,Providence,5463109,2777022,default
41.98,-71.57,107,-5,United States,Rhode Island,Providence,5463110,2777023,default
41.96,-71.57,108,-5,United States,Rhode Island,Providence,5463111,2777024,default
41.94,-71.57,134,-5,United States,Rhode Island,Providence,5463112,2777025,default
41.92,-71.57,130,-5,United States,Rhode Island,Providence,5463113,2777026,default
41.9,-71.57,128,-5,United States,Rhode Island,Providence,5463114,2777027,default
41.88,-71.57,110,-5,United States,Rhode Island,Providence,5463115,2777028,default
41.86,-71.57,110,-5,United States,Rhode Island,Providence,5463116,2777029,default
41.84,-71.57,116,-5,United States,Rhode Island,Providence,5463117,2777030,default
41.82,-71.57,119,-5,United States,Rhode Island,Providence,5463118,2777031,default
41.8,-71.57,108,-5,United States,Rhode Island,Providence,5463119,2777032,default
41.78,-71.57,98,-5,United States,Rhode Island,Providence,5463120,2777033,default
41.76,-71.57,79,-5,United States,Rhode Island,Providence,5463121,2777034,default
41.74,-71.57,50,-5,United States,Rhode Island,Providence,5463122,2777035,default
41.72,-71.57,70,-5,United States,Rhode Island,Kent,5463123,2777036,default
41.7,-71.57,67,-5,United States,Rhode Island,Kent,5463124,2777037,default
41.68,-71.57,55,-5,United States,Rhode Island,Kent,5463125,2777038,default
41.66,-71.57,74,-5,United States,Rhode Island,Kent,5463126,2777039,default
41.64,-71.57,78,-5,United States,Rhode Island,Kent,5463127,2777040,default
41.62,-71.57,102,-5,United States,Rhode Island,Kent,5463128,2777041,default
41.6,-71.57,103,-5,United States,Rhode Island,Washington,5463129,2777042,default
41.58,-71.57,86,-5,United States,Rhode Island,Washington,5463130,2777043,default
41.56,-71.57,73,-5,United States,Rhode Island,Washington,5463131,2777044,default
41.54,-71.57,63,-5,United States,Rhode Island,Washington,5463132,2777045,default
41.52,-71.57,63,-5,United States,Rhode Island,Washington,5463133,2777046,default
41.5,-71.57,49,-5,United States,Rhode Island,Washington,5463134,2777047,default
41.48,-71.57,42,-5,United States,Rhode Island,Washington,5463135,2777048,default
41.46,-71.57,37,-5,United States,Rhode Island,Washington,5463136,2777049,default
41.44,-71.57,33,-5,United States,Rhode Island,Washington,5463137,2777050,default
41.42,-71.57,49,-5,United States,Rhode Island,Washington,5463138,2777051,default
41.4,-71.57,41,-5,United States,Rhode Island,Washington,5463139,2777052,default
41.38,-71.57,11,-5,United States,Rhode Island,Washington,5463140,2777053,default
41.22,-71.57,1,-5,United States,Rhode Island,Washington,5463148,2777054,default
41.2,-71.57,1,-5,United States,Rhode Island,Washington,5463149,2777055,default
41.18,-71.57,1,-5,United States,Rhode Island,Washington,5463150,2777056,default
41.16,-71.57,1,-5,United States,Rhode Island,Washington,5463151,2777057,default
42.0,-71.55,87,-5,United States,Rhode Island,Providence,5467063,2777394,default
41.98,-71.55,108,-5,United States,Rhode Island,Providence,5467064,2777395,default
41.96,-71.55,93,-5,United States,Rhode Island,Providence,5467065,2777396,default
41.94,-71.55,105,-5,United States,Rhode Island,Providence,5467066,2777397,default
41.92,-71.55,94,-5,United States,Rhode Island,Providence,5467067,2777398,default
41.9,-71.55,88,-5,United States,Rhode Island,Providence,5467068,2777399,default
41.88,-71.55,86,-5,United States,Rhode Island,Providence,5467069,2777400,default
41.86,-71.55,96,-5,United States,Rhode Island,Providence,5467070,2777401,default
41.84,-71.55,110,-5,United States,Rhode Island,Providence,5467071,2777402,default
41.82,-71.55,114,-5,United States,Rhode Island,Providence,5467072,2777403,default
41.8,-71.55,119,-5,United States,Rhode Island,Providence,5467073,2777404,default
41.78,-71.55,125,-5,United States,Rhode Island,Providence,5467074,2777405,default
41.76,-71.55,105,-5,United States,Rhode Island,Providence,5467075,2777406,default
41.74,-71.55,54,-5,United States,Rhode Island,Providence,5467076,2777407,default
41.72,-71.55,47,-5,United States,Rhode Island,Kent,5467077,2777408,default
41.7,-71.55,55,-5,United States,Rhode Island,Kent,5467078,2777409,default
41.68,-71.55,52,-5,United States,Rhode Island,Kent,5467079,2777410,default
41.66,-71.55,78,-5,United States,Rhode Island,Kent,5467080,2777411,default
41.64,-71.55,88,-5,United States,Rhode Island,Kent,5467081,2777412,default
41.62,-71.55,87,-5,United States,Rhode Island,Kent,5467082,2777413,default
41.6,-71.55,89,-5,United States,Rhode Island,Washington,5467083,2777414,default
41.58,-71.55,79,-5,United States,Rhode Island,Washington,5467084,2777415,default
41.56,-71.55,63,-5,United States,Rhode Island,Washington,5467085,2777416,default
41.54,-71.55,68,-5,United States,Rhode Island,Washington,5467086,2777417,default
41.52,-71.55,83,-5,United States,Rhode Island,Washington,5467087,2777418,default
41.5,-71.55,60,-5,United States,Rhode Island,Washington,5467088,2777419,default
41.48,-71.55,39,-5,United States,Rhode Island,Washington,5467089,2777420,default
41.46,-71.55,44,-5,United States,Rhode Island,Washington,5467090,2777421,default
41.44,-71.55,45,-5,United States,Rhode Island,Washington,5467091,2777422,default
41.42,-71.55,42,-5,United States,Rhode Island,Washington,5467092,2777423,default
41.4,-71.55,30,-5,United States,Rhode Island,Washington,5467093,2777424,default
41.38,-71.55,11,-5,United States,Rhode Island,Washington,5467094,2777425,default
41.16,-71.55,1,-5,United States,Rhode Island,Washington,5467105,2777426,default
42.0,-71.53,77,-5,United States,Rhode Island,Providence,5471031,2777763,default
41.98,-71.53,82,-5,United States,Rhode Island,Providence,5471032,2777764,default
41.96,-71.53,123,-5,United States,Rhode Island,Providence,5471033,2777765,default
41.94,-71.53,130,-5,United States,Rhode Island,Providence,5471034,2777766,default
41.92,-71.53,105,-5,United States,Rhode Island,Providence,5471035,2777767,default
41.9,-71.53,93,-5,United States,Rhode Island,Providence,5471036,2777768,default
41.88,-71.53,97,-5,United States,Rhode Island,Providence,5471037,2777769,default
41.86,-71.53,94,-5,United States,Rhode Island,Providence,5471038,2777770,default
41.84,-71.53,80,-5,United States,Rhode Island,Providence,5471039,2777771,default
41.82,-71.53,89,-5,United States,Rhode Island,Providence,5471040,2777772,default
41.8,-71.53,91,-5,United States,Rhode Island,Providence,5471041,2777773,default
41.78,-71.53,106,-5,United States,Rhode Island,Providence,5471042,2777774,default
41.76,-71.53,100,-5,United States,Rhode Island,Providence,5471043,2777775,default
41.74,-71.53,71,-5,United States,Rhode Island,Providence,5471044,2777776,default
41.72,-71.53,29,-5,United States,Rhode Island,Kent,5471045,2777777,default
41.7,-71.53,36,-5,United States,Rhode Island,Kent,5471046,2777778,default
41.68,-71.53,39,-5,United States,Rhode Island,Kent,5471047,2777779,default
41.66,-71.53,68,-5,United States,Rhode Island,Kent,5471048,2777780,default
41.64,-71.53,63,-5,United States,Rhode Island,Kent,5471049,2777781,default
41.62,-71.53,69,-5,United States,Rhode Island,Kent,5471050,2777782,default
41.6,-71.53,81,-5,United States,Rhode Island,Washington,5471051,2777783,default
41.58,-71.53,54,-5,United States,Rhode Island,Washington,5471052,2777784,default
41.56,-71.53,64,-5,United States,Rhode Island,Washington,5471053,2777785,default
41.54,-71.53,61,-5,United States,Rhode Island,Washington,5471054,2777786,default
41.52,-71.53,71,-5,United States,Rhode Island,Washington,5471055,2777787,default
41.5,-71.53,53,-5,United States,Rhode Island,Washington,5471056,2777788,default
41.48,-71.53,63,-5,United States,Rhode Island,Washington,5471057,2777789,default
41.46,-71.53,60,-5,United States,Rhode Island,Washington,5471058,2777790,default
41.44,-71.53,50,-5,United States,Rhode Island,Washington,5471059,2777791,default
41.42,-71.53,39,-5,United States,Rhode Island,Washington,5471060,2777792,default
41.4,-71.53,19,-5,United States,Rhode Island,Washington,5471061,2777793,default
41.38,-71.53,6,-5,United States,Rhode Island,Washington,5471062,2777794,default
42.0,-71.51,68,-5,United States,Rhode Island,Providence,5474999,2778131,default
41.98,-71.51,97,-5,United States,Rhode Island,Providence,5475000,2778132,default
41.96,-71.51,125,-5,United States,Rhode Island,Providence,5475001,2778133,default
41.94,-71.51,126,-5,United States,Rhode Island,Providence,5475002,2778134,default
41.92,-71.51,119,-5,United States,Rhode Island,Providence,5475003,2778135,default
41.9,-71.51,78,-5,United States,Rhode Island,Providence,5475004,2778136,default
41.88,-71.51,68,-5,United States,Rhode Island,Providence,5475005,2778137,default
41.86,-71.51,71,-5,United States,Rhode Island,Providence,5475006,2778138,default
41.84,-71.51,61,-5,United States,Rhode Island,Providence,5475007,2778139,default
41.82,-71.51,51,-5,United States,Rhode Island,Providence,5475008,2778140,default
41.8,-71.51,71,-5,United States,Rhode Island,Providence,5475009,2778141,default
41.78,-71.51,77,-5,United States,Rhode Island,Providence,5475010,2778142,default
41.76,-71.51,70,-5,United States,Rhode Island,Providence,5475011,2778143,default
41.74,-71.51,57,-5,United States,Rhode Island,Providence,5475012,2778144,default
41.72,-71.51,28,-5,United States,Rhode Island,Kent,5475013,2778145,default
41.7,-71.51,31,-5,United States,Rhode Island,Kent,5475014,2778146,default
41.68,-71.51,55,-5,United States,Rhode Island,Kent,5475015,2778147,default
41.66,-71.51,58,-5,United States,Rhode Island,Kent,5475016,2778148,default
41.64,-71.51,48,-5,United States,Rhode Island,Kent,5475017,2778149,default
41.62,-71.51,43,-5,United States,Rhode Island,Kent,5475018,2778150,default
41.6,-71.51,40,-5,United States,Rhode Island,Washington,5475019,2778151,default
41.58,-71.51,33,-5,United States,Rhode Island,Washington,5475020,2778152,default
41.56,-71.51,32,-5,United States,Rhode Island,Washington,5475021,2778153,default
41.54,-71.51,50,-5,United States,Rhode Island,Washington,5475022,2778154,default
41.52,-71.51,58,-5,United States,Rhode Island,Washington,5475023,2778155,default
41.5,-71.51,75,-5,United States,Rhode Island,Washington,5475024,2778156,default
41.48,-71.51,58,-5,United States,Rhode Island,Washington,5475025,2778157,default
41.46,-71.51,37,-5,United States,Rhode Island,Washington,5475026,2778158,default
41.44,-71.51,34,-5,United States,Rhode Island,Washington,5475027,2778159,default
41.42,-71.51,15,-5,United States,Rhode Island,Washington,5475028,2778160,default
41.4,-71.51,7,-5,United States,Rhode Island,Washington,5475029,2778161,default
41.38,-71.51,3,-5,United States,Rhode Island,Washington,5475030,2778162,default
42.0,-71.49,63,-5,United States,Rhode Island,Providence,5478959,2778502,default
41.98,-71.49,72,-5,United States,Rhode Island,Providence,5478960,2778503,default
41.96,-71.49,94,-5,United States,Rhode Island,Providence,5478961,2778504,default
41.94,-71.49,106,-5,United States,Rhode Island,Providence,5478962,2778505,default
41.92,-71.49,130,-5,United States,Rhode Island,Providence,5478963,2778506,default
41.9,-71.49,117,-5,United States,Rhode Island,Providence,5478964,2778507,default
41.88,-71.49,76,-5,United States,Rhode Island,Providence,5478965,2778508,default
41.86,-71.49,32,-5,United States,Rhode Island,Providence,5478966,2778509,default
41.84,-71.49,30,-5,United States,Rhode Island,Providence,5478967,2778510,default
41.82,-71.49,31,-5,United States,Rhode Island,Providence,5478968,2778511,default
41.8,-71.49,25,-5,United States,Rhode Island,Providence,5478969,2778512,default
41.78,-71.49,42,-5,United States,Rhode Island,Providence,5478970,2778513,default
41.76,-71.49,23,-5,United States,Rhode Island,Providence,5478971,2778514,default
41.74,-71.49,10,-5,United States,Rhode Island,Providence,5478972,2778515,default
41.72,-71.49,8,-5,United States,Rhode Island,Kent,5478973,2778516,default
41.7,-71.49,26,-5,United States,Rhode Island,Kent,5478974,2778517,default
41.68,-71.49,48,-5,United States,Rhode Island,Kent,5478975,2778518,default
41.66,-71.49,41,-5,United States,Rhode Island,Kent,5478976,2778519,default
41.64,-71.49,25,-5,United States,Rhode Island,Kent,5478977,2778520,default
41.62,-71.49,12,-5,United States,Rhode Island,Kent,5478978,2778521,default
41.6,-71.49,4,-5,United States,Rhode Island,Washington,5478979,2778522,default
41.58,-71.49,8,-5,United States,Rhode Island,Washington,5478980,2778523,default
41.56,-71.49,6,-5,United States,Rhode Island,Washington,5478981,2778524,default
41.54,-71.49,23,-5,United States,Rhode Island,Washington,5478982,2778525,default
41.52,-71.49,61,-5,United States,Rhode Island,Washington,5478983,2778526,default
41.5,-71.49,45,-5,United States,Rhode Island,Washington,5478984,2778527,default
41.48,-71.49,34,-5,United States,Rhode Island,Washington,5478985,2778528,default
41.46,-71.49,24,-5,United States,Rhode Island,Washington,5478986,2778529,default
41.44,-71.49,19,-5,United States,Rhode Island,Washington,5478987,2778530,default
41.42,-71.49,15,-5,United States,Rhode Island,Washington,5478988,2778531,default
41.4,-71.49,12,-5,United States,Rhode Island,Washington,5478989,2778532,default
41.38,-71.49,11,-5,United States,Rhode Island,Washington,5478990,2778533,default
41.36,-71.49,8,-5,United States,Rhode Island,Washington,5478991,2778534,default
42.0,-71.47,105,-5,United States,Rhode Island,Providence,5482919,2778875,default
41.98,-71.47,83,-5,United States,Rhode Island,Providence,5482920,2778876,default
41.96,-71.47,69,-5,United States,Rhode Island,Providence,5482921,2778877,default
41.94,-71.47,96,-5,United States,Rhode Island,Providence,5482922,2778878,default
41.92,-71.47,112,-5,United States,Rhode Island,Providence,5482923,2778879,default
41.9,-71.47,109,-5,United States,Rhode Island,Providence,5482924,2778880,default
41.88,-71.47,61,-5,United States,Rhode Island,Providence,5482925,2778881,default
41.86,-71.47,40,-5,United States,Rhode Island,Providence,5482926,2778882,default
41.84,-71.47,17,-5,United States,Rhode Island,Providence,5482927,2778883,default
41.82,-71.47,17,-5,United States,Rhode Island,Providence,5482928,2778884,default
41.8,-71.47,13,-5,United States,Rhode Island,Providence,5482929,2778885,default
41.78,-71.47,10,-5,United States,Rhode Island,Providence,5482930,2778886,default
41.76,-71.47,15,-5,United States,Rhode Island,Providence,5482931,2778887,default
41.74,-71.47,14,-5,United States,Rhode Island,Providence,5482932,2778888,default
41.72,-71.47,0,-5,United States,Rhode Island,Kent,5482933,2778889,default
41.7,-71.47,7,-5,United States,Rhode Island,Kent,5482934,2778890,default
41.68,-71.47,28,-5,United States,Rhode Island,Kent,5482935,2778891,default
41.66,-71.47,12,-5,United States,Rhode Island,Kent,5482936,2778892,default
41.64,-71.47,3,-5,United States,Rhode Island,Kent,5482937,2778893,default
41.62,-71.47,1,-5,United States,Rhode Island,Washington,5482938,2778894,default
41.6,-71.47,3,-5,United States,Rhode Island,Washington,5482939,2778895,default
41.58,-71.47,5,-5,United States,Rhode Island,Washington,5482940,2778896,default
41.56,-71.47,-1,-5,United States,Rhode Island,Washington,5482941,2778897,default
41.54,-71.47,2,-5,United States,Rhode Island,Washington,5482942,2778898,default
41.52,-71.47,30,-5,United States,Rhode Island,Washington,5482943,2778899,default
41.5,-71.47,52,-5,United States,Rhode Island,Washington,5482944,2778900,default
41.48,-71.47,35,-5,United States,Rhode Island,Washington,5482945,2778901,default
41.46,-71.47,39,-5,United States,Rhode Island,Washington,5482946,2778902,default
41.44,-71.47,21,-5,United States,Rhode Island,Washington,5482947,2778903,default
41.42,-71.47,29,-5,United States,Rhode Island,Washington,5482948,2778904,default
41.4,-71.47,22,-5,United States,Rhode Island,Washington,5482949,2778905,default
42.0,-71.45,130,-5,United States,Rhode Island,Providence,5486885,2779247,default
41.98,-71.45,103,-5,United States,Rhode Island,Providence,5486886,2779248,default
41.96,-71.45,70,-5,United States,Rhode Island,Providence,5486887,2779249,default
41.94,-71.45,71,-5,United States,Rhode Island,Providence,5486888,2779250,default
41.92,-71.45,70,-5,United States,Rhode Island,Providence,5486889,2779251,default
41.9,-71.45,66,-5,United States,Rhode Island,Providence,5486890,2779252,default
41.88,-71.45,47,-5,United States,Rhode Island,Providence,5486891,2779253,default
41.86,-71.45,26,-5,United States,Rhode Island,Providence,5486892,2779254,default
41.84,-71.45,17,-5,United States,Rhode Island,Providence,5486893,2779255,default
41.82,-71.45,3,-5,United States,Rhode Island,Providence,5486894,2779256,default
41.8,-71.45,6,-5,United States,Rhode Island,Providence,5486895,2779257,default
41.78,-71.45,-3,-5,United States,Rhode Island,Providence,5486896,2779258,default
41.76,-71.45,-5,-5,United States,Rhode Island,Providence,5486897,2779259,default
41.74,-71.45,-2,-5,United States,Rhode Island,Providence,5486898,2779260,default
41.72,-71.45,0,-5,United States,Rhode Island,Kent,5486899,2779261,default
41.7,-71.45,-6,-5,United States,Rhode Island,Kent,5486900,2779262,default
41.68,-71.45,2,-5,United States,Rhode Island,Kent,5486901,2779263,default
41.66,-71.45,1,-5,United States,Rhode Island,Kent,5486902,2779264,default
41.64,-71.45,-4,-5,United States,Rhode Island,Kent,5486903,2779265,default
41.62,-71.45,-4,-5,United States,Rhode Island,Washington,5486904,2779266,default
41.6,-71.45,-6,-5,United States,Rhode Island,Washington,5486905,2779267,default
41.58,-71.45,-14,-5,United States,Rhode Island,Washington,5486906,2779268,default
41.56,-71.45,-8,-5,United States,Rhode Island,Washington,5486907,2779269,default
41.54,-71.45,0,-5,United States,Rhode Island,Washington,5486908,2779270,default
41.52,-71.45,0,-5,United States,Rhode Island,Washington,5486909,2779271,default
41.5,-71.45,10,-5,United States,Rhode Island,Washington,5486910,2779272,default
41.48,-71.45,29,-5,United States,Rhode Island,Washington,5486911,2779273,default
41.46,-71.45,17,-5,United States,Rhode Island,Washington,5486912,2779274,default
41.44,-71.45,9,-5,United States,Rhode Island,Washington,5486913,2779275,default
42.0,-71.43,101,-5,United States,Rhode Island,Providence,5490851,2779619,default
41.98,-71.43,95,-5,United States,Rhode Island,Providence,5490852,2779620,default
41.96,-71.43,85,-5,United States,Rhode Island,Providence,5490853,2779621,default
41.94,-71.43,50,-5,United States,Rhode Island,Providence,5490854,2779622,default
41.92,-71.43,30,-5,United States,Rhode Island,Providence,5490855,2779623,default
41.9,-71.43,35,-5,United States,Rhode Island,Providence,5490856,2779624,default
41.88,-71.43,35,-5,United States,Rhode Island,Providence,5490857,2779625,default
41.86,-71.43,10,-5,United States,Rhode Island,Providence,5490858,2779626,default
41.84,-71.43,4,-5,United States,Rhode Island,Providence,5490859,2779627,default
41.82,-71.43,-4,-5,United States,Rhode Island,Providence,5490860,2779628,default
41.8,-71.43,-2,-5,United States,Rhode Island,Providence,5490861,2779629,default
41.78,-71.43,-5,-5,United States,Rhode Island,Providence,5490862,2779630,default
41.76,-71.43,-9,-5,United States,Rhode Island,Kent,5490863,2779631,default
41.74,-71.43,0,-5,United States,Rhode Island,Kent,5490864,2779632,default
41.72,-71.43,-2,-5,United States,Rhode Island,Kent,5490865,2779633,default
41.7,-71.43,-4,-5,United States,Rhode Island,Kent,5490866,2779634,default
41.66,-71.43,-9,-5,United States,Rhode Island,Kent,5490868,2779635,default
41.64,-71.43,-2,-5,United States,Rhode Island,Washington,5490869,2779636,default
41.62,-71.43,-5,-5,United States,Rhode Island,Washington,5490870,2779637,default
41.6,-71.43,-8,-5,United States,Rhode Island,Washington,5490871,2779638,default
41.54,-71.43,-5,-5,United States,Rhode Island,Washington,5490874,2779639,default
41.52,-71.43,22,-5,United States,Rhode Island,Washington,5490875,2779640,default
41.5,-71.43,7,-5,United States,Rhode Island,Washington,5490876,2779641,default
41.48,-71.43,2,-5,United States,Rhode Island,Washington,5490877,2779642,default
41.46,-71.43,20,-5,United States,Rhode Island,Washington,5490878,2779643,default
42.0,-71.41,81,-5,United States,Rhode Island,Providence,5494829,2779981,default
41.98,-71.41,65,-5,United States,Rhode Island,Providence,5494830,2779982,default
41.96,-71.41,87,-5,United States,Rhode Island,Providence,5494831,2779983,default
41.94,-71.41,62,-5,United States,Rhode Island,Providence,5494832,2779984,default
41.92,-71.41,18,-5,United States,Rhode Island,Providence,5494833,2779985,default
41.9,-71.41,9,-5,United States,Rhode Island,Providence,5494834,2779986,default
41.88,-71.41,5,-5,United States,Rhode Island,Providence,5494835,2779987,default
41.86,-71.41,2,-5,United States,Rhode Island,Providence,5494836,2779988,default
41.84,-71.41,4,-5,United States,Rhode Island,Providence,5494837,2779989,default
41.82,-71.41,-8,-5,United States,Rhode Island,Providence,5494838,2779990,default
41.8,-71.41,-5,-5,United States,Rhode Island,Providence,5494839,2779991,default
41.78,-71.41,-7,-5,United States,Rhode Island,Providence,5494840,2779992,default
41.76,-71.41,-9,-5,United States,Rhode Island,Kent,5494841,2779993,default
41.74,-71.41,-3,-5,United States,Rhode Island,Kent,5494842,2779994,default
41.72,-71.41,-7,-5,United States,Rhode Island,Kent,5494843,2779995,default
41.7,-71.41,-8,-5,United States,Rhode Island,Kent,5494844,2779996,default
41.66,-71.41,-17,-5,United States,Rhode Island,Kent,5494846,2779997,default
41.64,-71.41,-13,-5,United States,Rhode Island,Washington,5494847,2779998,default
41.62,-71.41,-15,-5,United States,Rhode Island,Washington,5494848,2779999,default
41.6,-71.41,-15,-5,United States,Rhode Island,Washington,5494849,2780000,default
42.0,-71.39,78,-5,United States,Rhode Island,Providence,5498807,2780338,default
41.98,-71.39,58,-5,United States,Rhode Island,Providence,5498808,2780339,default
41.96,-71.39,44,-5,United States,Rhode Island,Providence,5498809,2780340,default
41.94,-71.39,35,-5,United States,Rhode Island,Providence,5498810,2780341,default
41.92,-71.39,18,-5,United States,Rhode Island,Providence,5498811,2780342,default
41.9,-71.39,2,-5,United States,Rhode Island,Providence,5498812,2780343,default
41.88,-71.39,2,-5,United States,Rhode Island,Providence,5498813,2780344,default
41.86,-71.39,6,-5,United States,Rhode Island,Providence,5498814,2780345,default
41.84,-71.39,8,-5,United States,Rhode Island,Providence,5498815,2780346,default
41.78,-71.39,-14,-5,United States,Rhode Island,Providence,5498818,2780347,default
41.76,-71.39,-13,-5,United States,Rhode Island,Kent,5498819,2780348,default
41.74,-71.39,-10,-5,United States,Rhode Island,Kent,5498820,2780349,default
41.72,-71.39,-8,-5,United States,Rhode Island,Kent,5498821,2780350,default
41.7,-71.39,-9,-5,United States,Rhode Island,Kent,5498822,2780351,default
41.68,-71.39,-8,-5,United States,Rhode Island,Kent,5498823,2780352,default
41.52,-71.39,-7,-5,United States,Rhode Island,Newport,5498831,2780353,default
41.48,-71.39,-11,-5,United States,Rhode Island,Newport,5498833,2780354,default
41.88,-71.37,5,-5,United States,Rhode Island,Providence,5502811,2780703,default
41.86,-71.37,-6,-5,United States,Rhode Island,Providence,5502812,2780704,default
41.84,-71.37,-13,-5,United States,Rhode Island,Providence,5502813,2780705,default
41.82,-71.37,-3,-5,United States,Rhode Island,Providence,5502814,2780706,default
41.8,-71.37,-1,-5,United States,Rhode Island,Providence,5502815,2780707,default
41.7,-71.37,-9,-5,United States,Rhode Island,Kent,5502820,2780708,default
41.56,-71.37,-2,-5,United States,Rhode Island,Newport,5502827,2780709,default
41.54,-71.37,1,-5,United States,Rhode Island,Newport,5502828,2780710,default
41.52,-71.37,-7,-5,United States,Rhode Island,Newport,5502829,2780711,default
41.5,-71.37,-9,-5,United States,Rhode Island,Newport,5502830,2780712,default
41.48,-71.37,-11,-5,United States,Rhode Island,Newport,5502831,2780713,default
41.88,-71.35,2,-5,United States,Rhode Island,Providence,5506809,2781063,default
41.86,-71.35,0,-5,United States,Rhode Island,Providence,5506810,2781064,default
41.84,-71.35,-4,-5,United States,Rhode Island,Providence,5506811,2781065,default
41.82,-71.35,-7,-5,United States,Rhode Island,Providence,5506812,2781066,default
41.8,-71.35,-2,-5,United States,Rhode Island,Providence,5506813,2781067,default
41.78,-71.35,-8,-5,United States,Rhode Island,Providence,5506814,2781068,default
41.76,-71.35,-14,-5,United States,Rhode Island,Providence,5506815,2781069,default
41.64,-71.35,-15,-5,United States,Rhode Island,Newport,5506821,2781070,default
41.46,-71.35,-13,-5,United States,Rhode Island,Newport,5506830,2781071,default
41.78,-71.33,-13,-5,United States,Rhode Island,Providence,5510810,2781426,default
41.76,-71.33,-13,-5,United States,Rhode Island,Bristol,5510811,2781427,default
41.74,-71.33,-11,-5,United States,Rhode Island,Bristol,5510812,2781428,default
41.6,-71.33,0,-5,United States,Rhode Island,Newport,5510819,2781429,default
41.46,-71.33,-13,-5,United States,Rhode Island,Newport,5510826,2781430,default
41.72,-71.31,-14,-5,United States,Rhode Island,Bristol,5514809,2781787,default
41.62,-71.31,-5,-5,United States,Rhode Island,Newport,5514814,2781788,default
41.6,-71.31,1,-5,United States,Rhode Island,Newport,5514815,2781789,default
41.54,-71.31,-6,-5,United States,Rhode Island,Newport,5514818,2781790,default
41.52,-71.31,0,-5,United States,Rhode Island,Newport,5514819,2781791,default
41.5,-71.31,-4,-5,United States,Rhode Island,Newport,5514820,2781792,default
41.48,-71.31,-7,-5,United States,Rhode Island,Newport,5514821,2781793,default
41.46,-71.31,-15,-5,United States,Rhode Island,Newport,5514822,2781794,default
41.76,-71.29,-18,-5,United States,Rhode Island,Bristol,5518819,2782149,default
41.7,-71.29,-5,-5,United States,Rhode Island,Bristol,5518822,2782150,default
41.68,-71.29,-14,-5,United States,Rhode Island,Bristol,5518823,2782151,default
41.58,-71.29,-10,-5,United States,Rhode Island,Newport,5518828,2782152,default
41.56,-71.29,14,-5,United States,Rhode Island,Newport,5518829,2782153,default
41.54,-71.29,28,-5,United States,Rhode Island,Newport,5518830,2782154,default
41.52,-71.29,16,-5,United States,Rhode Island,Newport,5518831,2782155,default
41.5,-71.29,-2,-5,United States,Rhode Island,Newport,5518832,2782156,default
41.74,-71.27,-13,-5,United States,Rhode Island,Bristol,5522832,2782512,default
41.72,-71.27,-2,-5,United States,Rhode Island,Bristol,5522833,2782513,default
41.7,-71.27,13,-5,United States,Rhode Island,Bristol,5522834,2782514,default
41.68,-71.27,2,-5,United States,Rhode Island,Bristol,5522835,2782515,default
41.66,-71.27,-11,-5,United States,Rhode Island,Bristol,5522836,2782516,default
41.62,-71.27,-14,-5,United States,Rhode Island,Newport,5522838,2782517,default
41.6,-71.27,8,-5,United States,Rhode Island,Newport,5522839,2782518,default
41.58,-71.27,39,-5,United States,Rhode Island,Newport,5522840,2782519,default
41.56,-71.27,39,-5,United States,Rhode Island,Newport,5522841,2782520,default
41.54,-71.27,47,-5,United States,Rhode Island,Newport,5522842,2782521,default
41.52,-71.27,34,-5,United States,Rhode Island,Newport,5522843,2782522,default
41.5,-71.27,10,-5,United States,Rhode Island,Newport,5522844,2782523,default
41.72,-71.25,-11,-5,United States,Rhode Island,Bristol,5526851,2782877,default
41.68,-71.25,7,-5,United States,Rhode Island,Bristol,5526853,2782878,default
41.62,-71.25,3,-5,United States,Rhode Island,Newport,5526856,2782879,default
41.6,-71.25,13,-5,United States,Rhode Island,Newport,5526857,2782880,default
41.58,-71.25,39,-5,United States,Rhode Island,Newport,5526858,2782881,default
41.56,-71.25,38,-5,United States,Rhode Island,Newport,5526859,2782882,default
41.54,-71.25,30,-5,United States,Rhode Island,Newport,5526860,2782883,default
41.52,-71.25,19,-5,United States,Rhode Island,Newport,5526861,2782884,default
41.5,-71.25,-6,-5,United States,Rhode Island,Newport,5526862,2782885,default
41.64,-71.23,-17,-5,United States,Rhode Island,Newport,5530873,2783239,default
41.62,-71.23,-19,-5,United States,Rhode Island,Newport,5530874,2783240,default
41.64,-71.21,1,-5,United States,Rhode Island,Newport,5534883,2783584,default
41.62,-71.21,-10,-5,United States,Rhode Island,Newport,5534884,2783585,default
41.58,-71.21,-18,-5,United States,Rhode Island,Newport,5534886,2783586,default
41.56,-71.21,-14,-5,United States,Rhode Island,Newport,5534887,2783587,default
41.66,-71.19,42,-5,United States,Rhode Island,Newport,5538892,2783932,default
41.64,-71.19,34,-5,United States,Rhode Island,Newport,5538893,2783933,default
41.62,-71.19,19,-5,United States,Rhode Island,Newport,5538894,2783934,default
41.6,-71.19,4,-5,United States,Rhode Island,Newport,5538895,2783935,default
41.58,-71.19,-6,-5,United States,Rhode Island,Newport,5538896,2783936,default
41.56,-71.19,-8,-5,United States,Rhode Island,Newport,5538897,2783937,default
41.54,-71.19,0,-5,United States,Rhode Island,Newport,5538898,2783938,default
41.52,-71.19,4,-5,United States,Rhode Island,Newport,5538899,2783939,default
41.5,-71.19,-5,-5,United States,Rhode Island,Newport,5538900,2783940,default
41.48,-71.19,-17,-5,United States,Rhode Island,Newport,5538901,2783941,default
41.46,-71.19,-19,-5,United States,Rhode Island,Newport,5538902,2783942,default
41.66,-71.17,37,-5,United States,Rhode Island,Newport,5542924,2784285,default
41.64,-71.17,44,-5,United States,Rhode Island,Newport,5542925,2784286,default
41.62,-71.17,36,-5,United States,Rhode Island,Newport,5542926,2784287,default
41.6,-71.17,20,-5,United States,Rhode Island,Newport,5542927,2784288,default
41.58,-71.17,17,-5,United States,Rhode Island,Newport,5542928,2784289,default
41.56,-71.17,8,-5,United States,Rhode Island,Newport,5542929,2784290,default
41.54,-71.17,3,-5,United States,Rhode Island,Newport,5542930,2784291,default
41.52,-71.17,4,-5,United States,Rhode Island,Newport,5542931,2784292,default
41.5,-71.17,-3,-5,United States,Rhode Island,Newport,5542932,2784293,default
41.48,-71.17,-16,-5,United States,Rhode Island,Newport,5542933,2784294,default
41.66,-71.15,39,-5,United States,Rhode Island,Newport,5546956,2784637,default
41.64,-71.15,40,-5,United States,Rhode Island,Newport,5546957,2784638,default
41.62,-71.15,43,-5,United States,Rhode Island,Newport,5546958,2784639,default
41.6,-71.15,18,-5,United States,Rhode Island,Newport,5546959,2784640,default
41.58,-71.15,9,-5,United States,Rhode Island,Newport,5546960,2784641,default
41.56,-71.15,15,-5,United States,Rhode Island,Newport,5546961,2784642,default
41.54,-71.15,6,-5,United States,Rhode Island,Newport,5546962,2784643,default
41.52,-71.15,1,-5,United States,Rhode Island,Newport,5546963,2784644,default
41.5,-71.15,-7,-5,United States,Rhode Island,Newport,5546964,2784645,default
41.48,-71.15,-15,-5,United States,Rhode Island,Newport,5546965,2784646,default
41.56,-71.13,-1,-5,United States,Rhode Island,Newport,5550993,2784991,default
41.54,-71.13,6,-5,United States,Rhode Island,Newport,5550994,2784992,default
41.52,-71.13,-6,-5,United States,Rhode Island,Newport,5550995,2784993,default
41.5,-71.13,-17,-5,United States,Rhode Island,Newport,5550996,2784994,default
